service_date_key,region_seq,new_region_name,center_type,actual_attendance_count
2026-01-01,2,Atlanta New Region 2,DMS2,1
2026-01-01,3,Atlanta New Region 3,DMS2,1
2026-01-02,1,Atlanta New Region 1,DMS,1
2026-01-02,1,Atlanta New Region 1,DMS2,2
2026-01-02,2,Atlanta New Region 2,DMS2,1
2026-01-02,3,Atlanta New Region 3,DMS2,2
2026-01-05,2,Atlanta New Region 2,DMS,2
2026-01-05,2,Atlanta New Region 2,DMS2,2
2026-01-05,3,Atlanta New Region 3,DMS,1
2026-01-05,3,Atlanta New Region 3,DMS2,1
2026-01-06,1,Atlanta New Region 1,DMS,1
2026-01-06,1,Atlanta New Region 1,DMS2,2
2026-01-06,2,Atlanta New Region 2,DMS,4
2026-01-06,2,Atlanta New Region 2,DMS2,1
2026-01-06,3,Atlanta New Region 3,DMS,3
2026-01-06,3,Atlanta New Region 3,DMS2,3
2026-01-07,1,Atlanta New Region 1,DMS,1
2026-01-07,1,Atlanta New Region 1,DMS2,2
2026-01-07,2,Atlanta New Region 2,DMS,4
2026-01-07,2,Atlanta New Region 2,DMS2,1
2026-01-07,3,Atlanta New Region 3,DMS,5
2026-01-07,3,Atlanta New Region 3,DMS2,3
2026-01-08,1,Atlanta New Region 1,DMS,4
2026-01-08,1,Atlanta New Region 1,DMS2,2
2026-01-08,2,Atlanta New Region 2,DMS,4
2026-01-08,2,Atlanta New Region 2,DMS2,3
2026-01-08,3,Atlanta New Region 3,DMS,4
2026-01-08,3,Atlanta New Region 3,DMS2,1
2026-01-09,1,Atlanta New Region 1,DMS,3
2026-01-09,1,Atlanta New Region 1,DMS2,2
2026-01-09,2,Atlanta New Region 2,DMS,2
2026-01-09,2,Atlanta New Region 2,DMS2,1
2026-01-09,3,Atlanta New Region 3,DMS,3
2026-01-09,3,Atlanta New Region 3,DMS2,2
2026-01-10,2,Atlanta New Region 2,DMS2,1
2026-01-12,1,Atlanta New Region 1,DMS,5
2026-01-12,1,Atlanta New Region 1,DMS2,2
2026-01-12,2,Atlanta New Region 2,DMS,6
2026-01-12,3,Atlanta New Region 3,DMS,5
2026-01-12,3,Atlanta New Region 3,DMS2,2
2026-01-13,1,Atlanta New Region 1,DMS,7
2026-01-13,1,Atlanta New Region 1,DMS2,1
2026-01-13,2,Atlanta New Region 2,DMS,5
2026-01-13,2,Atlanta New Region 2,DMS2,1
2026-01-13,3,Atlanta New Region 3,DMS,4
2026-01-13,3,Atlanta New Region 3,DMS2,1
2026-01-14,1,Atlanta New Region 1,DMS,6
2026-01-14,1,Atlanta New Region 1,DMS2,1
2026-01-14,2,Atlanta New Region 2,DMS,4
2026-01-14,2,Atlanta New Region 2,DMS2,2
2026-01-14,3,Atlanta New Region 3,DMS,5
2026-01-14,3,Atlanta New Region 3,DMS2,1
2026-01-15,1,Atlanta New Region 1,DMS,5
2026-01-15,1,Atlanta New Region 1,DMS2,1
2026-01-15,2,Atlanta New Region 2,DMS,4
2026-01-15,3,Atlanta New Region 3,DMS,6
2026-01-16,1,Atlanta New Region 1,DMS,7
2026-01-16,2,Atlanta New Region 2,DMS,3
2026-01-16,2,Atlanta New Region 2,DMS2,1
2026-01-16,3,Atlanta New Region 3,DMS,6
2026-01-16,3,Atlanta New Region 3,DMS2,1
2026-01-17,2,Atlanta New Region 2,DMS,1
2026-01-19,1,Atlanta New Region 1,DMS,5
2026-01-19,1,Atlanta New Region 1,DMS2,1
2026-01-19,2,Atlanta New Region 2,DMS,5
2026-01-19,3,Atlanta New Region 3,DMS,8
2026-01-19,3,Atlanta New Region 3,DMS2,2
2026-01-20,1,Atlanta New Region 1,DMS,6
2026-01-20,1,Atlanta New Region 1,DMS2,2
2026-01-20,2,Atlanta New Region 2,DMS,6
2026-01-20,2,Atlanta New Region 2,DMS2,2
2026-01-20,3,Atlanta New Region 3,DMS,7
2026-01-20,3,Atlanta New Region 3,DMS2,1
2026-01-21,1,Atlanta New Region 1,DMS,5
2026-01-21,2,Atlanta New Region 2,DMS,5
2026-01-21,2,Atlanta New Region 2,DMS2,2
2026-01-21,3,Atlanta New Region 3,DMS,5
2026-01-21,3,Atlanta New Region 3,DMS2,1
2026-01-22,1,Atlanta New Region 1,DMS,7
2026-01-22,1,Atlanta New Region 1,DMS2,2
2026-01-22,2,Atlanta New Region 2,DMS,6
2026-01-22,2,Atlanta New Region 2,DMS2,2
2026-01-22,3,Atlanta New Region 3,DMS,6
2026-01-22,3,Atlanta New Region 3,DMS2,3
2026-01-23,1,Atlanta New Region 1,DMS,4
2026-01-23,1,Atlanta New Region 1,DMS2,1
2026-01-23,2,Atlanta New Region 2,DMS,6
2026-01-23,2,Atlanta New Region 2,DMS2,2
2026-01-23,3,Atlanta New Region 3,DMS,5
2026-01-23,3,Atlanta New Region 3,DMS2,1
2026-01-24,1,Atlanta New Region 1,DMS2,1
2026-01-26,1,Atlanta New Region 1,DMS,3
2026-01-26,2,Atlanta New Region 2,DMS,2
2026-01-26,3,Atlanta New Region 3,DMS,1
2026-01-26,3,Atlanta New Region 3,DMS2,2
2026-01-27,1,Atlanta New Region 1,DMS,5
2026-01-27,1,Atlanta New Region 1,DMS2,2
2026-01-27,2,Atlanta New Region 2,DMS,4
2026-01-27,2,Atlanta New Region 2,DMS2,1
2026-01-27,3,Atlanta New Region 3,DMS,8
2026-01-27,3,Atlanta New Region 3,DMS2,2
2026-01-28,1,Atlanta New Region 1,DMS,6
2026-01-28,1,Atlanta New Region 1,DMS2,1
2026-01-28,2,Atlanta New Region 2,DMS,6
2026-01-28,2,Atlanta New Region 2,DMS2,1
2026-01-28,3,Atlanta New Region 3,DMS,7
2026-01-28,3,Atlanta New Region 3,DMS2,1
2026-01-29,1,Atlanta New Region 1,DMS,4
2026-01-29,1,Atlanta New Region 1,DMS2,1
2026-01-29,2,Atlanta New Region 2,DMS,4
2026-01-29,2,Atlanta New Region 2,DMS2,1
2026-01-29,3,Atlanta New Region 3,DMS,7
2026-01-29,3,Atlanta New Region 3,DMS2,1
2026-01-30,1,Atlanta New Region 1,DMS,4
2026-01-30,1,Atlanta New Region 1,DMS2,2
2026-01-30,2,Atlanta New Region 2,DMS,6
2026-01-30,2,Atlanta New Region 2,DMS2,2
2026-01-30,3,Atlanta New Region 3,DMS,4
2026-01-30,3,Atlanta New Region 3,DMS2,1
2026-01-31,1,Atlanta New Region 1,DMS,1
2026-02-02,1,Atlanta New Region 1,DMS,4
2026-02-02,1,Atlanta New Region 1,DMS2,2
2026-02-02,2,Atlanta New Region 2,DMS,3
2026-02-02,2,Atlanta New Region 2,DMS2,2
2026-02-02,3,Atlanta New Region 3,DMS,5
2026-02-02,3,Atlanta New Region 3,DMS2,3
2026-02-03,1,Atlanta New Region 1,DMS,7
2026-02-03,1,Atlanta New Region 1,DMS2,2
2026-02-03,2,Atlanta New Region 2,DMS,5
2026-02-03,2,Atlanta New Region 2,DMS2,2
2026-02-03,3,Atlanta New Region 3,DMS,5
2026-02-03,3,Atlanta New Region 3,DMS2,1
2026-02-04,1,Atlanta New Region 1,DMS,4
2026-02-04,1,Atlanta New Region 1,DMS2,1
2026-02-04,2,Atlanta New Region 2,DMS,4
2026-02-04,2,Atlanta New Region 2,DMS2,1
2026-02-04,3,Atlanta New Region 3,DMS,5
2026-02-04,3,Atlanta New Region 3,DMS2,1
2026-02-05,1,Atlanta New Region 1,DMS,5
2026-02-05,2,Atlanta New Region 2,DMS,4
2026-02-05,2,Atlanta New Region 2,DMS2,1
2026-02-05,3,Atlanta New Region 3,DMS,6
2026-02-05,3,Atlanta New Region 3,DMS2,3
2026-02-06,1,Atlanta New Region 1,DMS,3
2026-02-06,1,Atlanta New Region 1,DMS2,2
2026-02-06,2,Atlanta New Region 2,DMS,5
2026-02-06,2,Atlanta New Region 2,DMS2,2
2026-02-06,3,Atlanta New Region 3,DMS,3
2026-02-06,3,Atlanta New Region 3,DMS2,2
2026-02-07,1,Atlanta New Region 1,DMS,2
2026-02-07,2,Atlanta New Region 2,DMS,1
2026-02-09,1,Atlanta New Region 1,DMS,6
2026-02-09,1,Atlanta New Region 1,DMS2,1
2026-02-09,2,Atlanta New Region 2,DMS,5
2026-02-09,2,Atlanta New Region 2,DMS2,2
2026-02-09,3,Atlanta New Region 3,DMS,5
2026-02-10,1,Atlanta New Region 1,DMS,5
2026-02-10,1,Atlanta New Region 1,DMS2,2
2026-02-10,2,Atlanta New Region 2,DMS,5
2026-02-10,3,Atlanta New Region 3,DMS,7
2026-02-10,3,Atlanta New Region 3,DMS2,1
2026-02-11,1,Atlanta New Region 1,DMS,4
2026-02-11,1,Atlanta New Region 1,DMS2,1
2026-02-11,2,Atlanta New Region 2,DMS,4
2026-02-11,2,Atlanta New Region 2,DMS2,1
2026-02-11,3,Atlanta New Region 3,DMS,6
2026-02-11,3,Atlanta New Region 3,DMS2,2
2026-02-12,1,Atlanta New Region 1,DMS,6
2026-02-12,1,Atlanta New Region 1,DMS2,1
2026-02-12,2,Atlanta New Region 2,DMS,5
2026-02-12,2,Atlanta New Region 2,DMS2,2
2026-02-12,3,Atlanta New Region 3,DMS,5
2026-02-12,3,Atlanta New Region 3,DMS2,1
2026-02-13,1,Atlanta New Region 1,DMS,5
2026-02-13,2,Atlanta New Region 2,DMS,3
2026-02-13,2,Atlanta New Region 2,DMS2,2
2026-02-13,3,Atlanta New Region 3,DMS,3
2026-02-13,3,Atlanta New Region 3,DMS2,2
2026-02-14,1,Atlanta New Region 1,DMS,1
2026-02-14,2,Atlanta New Region 2,DMS,1
2026-02-16,1,Atlanta New Region 1,DMS2,1
2026-02-16,3,Atlanta New Region 3,DMS,1
2026-02-16,3,Atlanta New Region 3,DMS2,2
2026-02-17,1,Atlanta New Region 1,DMS,4
2026-02-17,1,Atlanta New Region 1,DMS2,2
2026-02-17,2,Atlanta New Region 2,DMS,4
2026-02-17,2,Atlanta New Region 2,DMS2,2
2026-02-17,3,Atlanta New Region 3,DMS,5
2026-02-17,3,Atlanta New Region 3,DMS2,2
2026-02-18,1,Atlanta New Region 1,DMS,6
2026-02-18,1,Atlanta New Region 1,DMS2,1
2026-02-18,2,Atlanta New Region 2,DMS,4
2026-02-18,3,Atlanta New Region 3,DMS,6
2026-02-18,3,Atlanta New Region 3,DMS2,1
2026-02-19,1,Atlanta New Region 1,DMS,5
2026-02-19,1,Atlanta New Region 1,DMS2,1
2026-02-19,2,Atlanta New Region 2,DMS,5
2026-02-19,2,Atlanta New Region 2,DMS2,1
2026-02-19,3,Atlanta New Region 3,DMS,6
2026-02-19,3,Atlanta New Region 3,DMS2,1
2026-02-20,1,Atlanta New Region 1,DMS,7
2026-02-20,1,Atlanta New Region 1,DMS2,1
2026-02-20,2,Atlanta New Region 2,DMS,3
2026-02-20,2,Atlanta New Region 2,DMS2,1
2026-02-20,3,Atlanta New Region 3,DMS,5
2026-02-21,1,Atlanta New Region 1,DMS,1
2026-02-21,3,Atlanta New Region 3,DMS2,1
2026-02-22,2,Atlanta New Region 2,DMS,1
2026-02-23,1,Atlanta New Region 1,DMS,7
2026-02-23,1,Atlanta New Region 1,DMS2,1
2026-02-23,2,Atlanta New Region 2,DMS,5
2026-02-23,2,Atlanta New Region 2,DMS2,1
2026-02-23,3,Atlanta New Region 3,DMS,6
2026-02-23,3,Atlanta New Region 3,DMS2,2
2026-02-24,1,Atlanta New Region 1,DMS,7
2026-02-24,1,Atlanta New Region 1,DMS2,2
2026-02-24,2,Atlanta New Region 2,DMS,4
2026-02-24,2,Atlanta New Region 2,DMS2,2
2026-02-24,3,Atlanta New Region 3,DMS,8
2026-02-25,1,Atlanta New Region 1,DMS,6
2026-02-25,1,Atlanta New Region 1,DMS2,1
2026-02-25,2,Atlanta New Region 2,DMS,4
2026-02-25,2,Atlanta New Region 2,DMS2,1
2026-02-25,3,Atlanta New Region 3,DMS,7
2026-02-25,3,Atlanta New Region 3,DMS2,2
2026-02-26,1,Atlanta New Region 1,DMS,5
2026-02-26,1,Atlanta New Region 1,DMS2,1
2026-02-26,2,Atlanta New Region 2,DMS,3
2026-02-26,2,Atlanta New Region 2,DMS2,2
2026-02-26,3,Atlanta New Region 3,DMS,6
2026-02-26,3,Atlanta New Region 3,DMS2,3
2026-02-27,1,Atlanta New Region 1,DMS,7
2026-02-27,1,Atlanta New Region 1,DMS2,2
2026-02-27,2,Atlanta New Region 2,DMS,6
2026-02-27,2,Atlanta New Region 2,DMS2,1
2026-02-27,3,Atlanta New Region 3,DMS,6
2026-02-27,3,Atlanta New Region 3,DMS2,1
2026-03-02,1,Atlanta New Region 1,DMS,5
2026-03-02,2,Atlanta New Region 2,DMS,5
2026-03-02,3,Atlanta New Region 3,DMS,7
2026-03-03,1,Atlanta New Region 1,DMS,1
2026-03-04,1,Atlanta New Region 1,DMS,2
2026-03-04,2,Atlanta New Region 2,DMS,3
2026-03-04,3,Atlanta New Region 3,DMS,3
2026-03-05,1,Atlanta New Region 1,DMS,3
2026-03-05,3,Atlanta New Region 3,DMS,5
2026-03-06,2,Atlanta New Region 2,DMS,1
2026-03-06,3,Atlanta New Region 3,DMS,2
2026-03-09,1,Atlanta New Region 1,DMS,2
2026-03-09,2,Atlanta New Region 2,DMS,1
2026-03-09,3,Atlanta New Region 3,DMS,1
